date,type,entry_time,entry_price,sl,tp,status,trailing_active,exit_time,exit_price,reason,pnl_pct
2021-01-01,buy,2021-01-01 09:45:00+00:00,29431.130319054,29342.836928096836,29637.148231287374,closed,False,2021-01-01 10:00:00+00:00,29342.836928096836,StopLoss,-0.42000000000000015
2021-01-02,sell,2021-01-02 09:40:00+00:00,29308.812394934004,29396.738832118805,29103.650708169465,closed,False,2021-01-02 10:05:00+00:00,29396.738832118805,StopLoss,-0.41999999999999416
2021-01-03,buy,2021-01-03 10:20:00+00:00,32902.443885442495,32803.73655378617,33132.760992640586,closed,False,2021-01-03 10:25:00+00:00,33132.760992640586,Target,0.579999999999979
2021-01-04,sell,2021-01-04 10:30:00+00:00,33163.967282219506,33263.45918406616,32931.81951124397,closed,False,2021-01-04 10:45:00+00:00,33263.45918406616,StopLoss,-0.4199999999999848
2021-01-05,sell,2021-01-05 09:20:00+00:00,31258.262019515503,31352.036805574047,31039.454185378894,closed,False,2021-01-05 09:25:00+00:00,31352.036805574047,StopLoss,-0.4199999999999923
2021-01-06,buy,2021-01-06 09:25:00+00:00,34208.93792200049,34106.31110823449,34448.40048745449,closed,False,2021-01-06 09:35:00+00:00,34448.40048745449,Target,0.5799999999999886
2021-01-07,sell,2021-01-07 13:45:00+00:00,36757.740238848506,36868.013459565045,36500.436057176565,closed,False,2021-01-07 13:50:00+00:00,36500.436057176565,Target,0.5800000000000053
2021-01-08,buy,2021-01-08 09:20:00+00:00,38482.382667546,38366.93551954336,38751.759346218816,closed,False,2021-01-08 09:25:00+00:00,38366.93551954336,StopLoss,-0.42000000000000637
2021-01-09,buy,2021-01-09 10:00:00+00:00,40418.717347043996,40297.46119500286,40701.6483684733,closed,False,2021-01-09 10:20:00+00:00,40297.46119500286,StopLoss,-0.42000000000000187
2021-01-10,sell,2021-01-10 10:00:00+00:00,40366.2428789515,40487.34160758835,40083.67917879884,closed,False,2021-01-10 10:05:00+00:00,40487.34160758835,StopLoss,-0.41999999999998194
2021-01-11,sell,2021-01-11 12:10:00+00:00,33473.0408101485,33573.459932578946,33238.72952447746,closed,False,2021-01-11 12:15:00+00:00,33238.72952447746,Target,0.5800000000000108
2021-01-12,buy,2021-01-12 09:25:00+00:00,34978.971645449994,34874.034730513646,35223.82444696814,closed,False,2021-01-12 09:30:00+00:00,35223.82444696814,Target,0.5799999999999821
2021-01-13,buy,2021-01-13 12:55:00+00:00,34370.5009531455,34267.389450286064,34611.09445981751,closed,False,2021-01-13 13:00:00+00:00,34611.09445981751,Target,0.5799999999999815
2021-01-14,sell,2021-01-14 09:20:00+00:00,37119.581808558,37230.94055398367,36859.74473589809,closed,False,2021-01-14 09:35:00+00:00,36859.74473589809,Target,0.5800000000000096
2021-01-15,sell,2021-01-15 09:20:00+00:00,38474.812618176,38590.23705603053,38205.48892984877,closed,False,2021-01-15 09:25:00+00:00,38590.23705603053,StopLoss,-0.41999999999999565
2021-01-16,sell,2021-01-16 10:50:00+00:00,35959.2195149405,36031.137953970385,35707.50497833592,closed,True,2021-01-16 11:05:00+00:00,35707.50497833592,Target,0.5799999999999921
2021-01-17,sell,2021-01-17 10:15:00+00:00,35965.99976611901,36037.93176565124,35714.237767756174,closed,True,2021-01-17 10:35:00+00:00,35714.237767756174,Target,0.579999999999997
2021-01-18,sell,2021-01-18 09:20:00+00:00,34909.999378445,35014.729376580326,34665.62938279588,closed,False,2021-01-18 09:25:00+00:00,35014.729376580326,StopLoss,-0.4199999999999801
2021-01-19,sell,2021-01-19 09:25:00+00:00,36536.1754206765,36645.78394693853,36280.42219273177,closed,False,2021-01-19 09:35:00+00:00,36645.78394693853,StopLoss,-0.41999999999998877
2021-01-20,sell,2021-01-20 09:25:00+00:00,35128.79113883951,35199.048721117186,34882.88960086763,closed,True,2021-01-20 09:35:00+00:00,35199.048721117186,StopLoss,-0.3199999999999971
2021-01-21,buy,2021-01-21 10:00:00+00:00,34858.4223079035,34753.84704097979,35102.43126405882,closed,False,2021-01-21 10:05:00+00:00,34753.84704097979,StopLoss,-0.4200000000000036
2021-01-22,buy,2021-01-22 09:20:00+00:00,30841.622113504494,30779.938869277485,31057.51346829902,closed,True,2021-01-22 09:30:00+00:00,31057.51346829902,Target,0.5799999999999846
2021-01-23,buy,2021-01-23 09:45:00+00:00,32686.833041896498,32621.459375812705,32915.64087318977,closed,True,2021-01-23 10:10:00+00:00,32621.459375812705,StopLoss,-0.32000000000000023
2021-01-24,buy,2021-01-24 09:25:00+00:00,32430.959029827,32366.097111767347,32657.975743035786,closed,True,2021-01-24 09:55:00+00:00,32366.097111767347,StopLoss,-0.32000000000000084
2021-01-25,buy,2021-01-25 09:20:00+00:00,33505.220594178,33438.21015298964,33739.75713833724,closed,True,2021-01-25 09:30:00+00:00,33739.75713833724,Target,0.5799999999999939
2021-01-26,sell,2021-01-26 12:15:00+00:00,31455.748701778004,31550.115947883336,31235.55846086556,closed,False,2021-01-26 12:20:00+00:00,31550.115947883336,StopLoss,-0.41999999999999366
2021-01-27,sell,2021-01-27 10:55:00+00:00,31564.617451172504,31627.74668607485,31343.665129014295,closed,True,2021-01-27 11:30:00+00:00,31627.74668607485,StopLoss,-0.32000000000000334
2021-01-28,buy,2021-01-28 09:30:00+00:00,31620.812242868997,31525.94980614039,31842.157928569075,closed,False,2021-01-28 09:35:00+00:00,31525.94980614039,StopLoss,-0.4199999999999986
2021-01-29,sell,2021-01-29 09:35:00+00:00,33559.6101778115,33660.28900834493,33324.692906566816,closed,False,2021-01-29 09:40:00+00:00,33324.692906566816,Target,0.5800000000000034
2021-01-30,sell,2021-01-30 09:20:00+00:00,32884.218215725006,32982.87087037218,32654.02868821493,closed,False,2021-01-30 09:25:00+00:00,32982.87087037218,StopLoss,-0.4199999999999917
2021-01-31,buy,2021-01-31 09:35:00+00:00,34096.9495738095,33994.65872508807,34335.62822082616,closed,False,2021-01-31 09:55:00+00:00,33994.65872508807,StopLoss,-0.4200000000000042
2021-02-01,sell,2021-02-01 09:30:00+00:00,33467.8644356305,33568.26802893739,33233.589384581086,closed,False,2021-02-01 09:35:00+00:00,33568.26802893739,StopLoss,-0.4199999999999897
2021-02-02,buy,2021-02-02 09:55:00+00:00,33933.530243978996,33831.72965324706,34171.064955686845,closed,False,2021-02-02 10:50:00+00:00,33831.72965324706,StopLoss,-0.4200000000000042
2021-02-03,buy,2021-02-03 09:20:00+00:00,36379.4964669045,36306.737473970694,36634.15294217283,closed,True,2021-02-03 09:30:00+00:00,36634.15294217283,Target,0.5799999999999854
2021-02-04,sell,2021-02-04 09:20:00+00:00,37463.221126946,37575.610790326835,37200.97857905738,closed,False,2021-02-04 09:30:00+00:00,37575.610790326835,StopLoss,-0.41999999999998566
2021-02-05,buy,2021-02-05 09:45:00+00:00,37454.673671847,37342.309650831456,37716.856387549924,closed,False,2021-02-05 09:50:00+00:00,37342.309650831456,StopLoss,-0.4200000000000045
2021-02-06,sell,2021-02-06 09:30:00+00:00,39173.843024128,39252.190710176255,38899.626122959104,closed,True,2021-02-06 09:50:00+00:00,39252.190710176255,StopLoss,-0.3199999999999978
2021-02-07,sell,2021-02-07 09:55:00+00:00,38530.38369673701,38645.974847827216,38260.67101085985,closed,False,2021-02-07 10:00:00+00:00,38260.67101085985,Target,0.5799999999999997
2021-02-08,sell,2021-02-08 09:20:00+00:00,38129.8292411535,38244.21872887696,37862.92043646543,closed,False,2021-02-08 09:30:00+00:00,38244.21872887696,StopLoss,-0.41999999999998855
2021-02-09,buy,2021-02-09 09:20:00+00:00,46796.9946549255,46656.60367096072,47124.57361750997,closed,False,2021-02-09 09:25:00+00:00,46656.60367096072,StopLoss,-0.41999999999999665
2021-02-10,sell,2021-02-10 09:30:00+00:00,46168.484046082005,46306.989498220246,45845.30465775943,closed,False,2021-02-10 09:35:00+00:00,45845.30465775943,Target,0.5800000000000052
2021-02-11,buy,2021-02-11 09:20:00+00:00,45091.841712529495,44956.56618739191,45407.484604517194,closed,False,2021-02-11 09:25:00+00:00,45407.484604517194,Target,0.5799999999999854
2021-02-12,sell,2021-02-12 09:30:00+00:00,47415.7254903935,47510.55694137429,47083.81541196075,closed,True,2021-02-12 09:50:00+00:00,47083.81541196075,Target,0.5799999999999966
2021-02-13,sell,2021-02-13 09:35:00+00:00,47751.790114023504,47895.04548436557,47417.52758322534,closed,False,2021-02-13 09:45:00+00:00,47895.04548436557,StopLoss,-0.4199999999999854
2021-02-14,sell,2021-02-14 09:25:00+00:00,47338.69943868551,47480.71553700156,47007.32854261471,closed,False,2021-02-14 09:35:00+00:00,47480.71553700156,StopLoss,-0.41999999999999277
2021-02-15,sell,2021-02-15 09:40:00+00:00,46606.417321905996,46746.236573871705,46280.17240065266,closed,False,2021-02-15 09:45:00+00:00,46746.236573871705,StopLoss,-0.41999999999998194
2021-02-16,buy,2021-02-16 09:45:00+00:00,49643.55113488199,49494.620481477345,49991.055992826165,closed,False,2021-02-16 09:50:00+00:00,49494.620481477345,StopLoss,-0.42000000000000437
2021-02-17,sell,2021-02-17 10:05:00+00:00,49181.1889770635,49328.73254399469,48836.92065422406,closed,False,2021-02-17 10:20:00+00:00,49328.73254399469,StopLoss,-0.419999999999988
2021-02-18,sell,2021-02-18 09:25:00+00:00,51947.12674135101,52051.02099483371,51583.49685416155,closed,True,2021-02-18 10:00:00+00:00,52051.02099483371,StopLoss,-0.3199999999999964
2021-02-19,sell,2021-02-19 09:55:00+00:00,51106.8902347685,51209.10401523804,50749.14200312512,closed,True,2021-02-19 10:30:00+00:00,51209.10401523804,StopLoss,-0.3200000000000012
2021-02-20,sell,2021-02-20 09:20:00+00:00,55576.090051001505,55742.818321154504,55187.057420644494,closed,False,2021-02-20 09:25:00+00:00,55742.818321154504,StopLoss,-0.41999999999998905
2021-02-21,sell,2021-02-21 09:35:00+00:00,56253.670480307,56422.43149174792,55859.89478694485,closed,False,2021-02-21 09:45:00+00:00,56422.43149174792,StopLoss,-0.41999999999999477
2021-02-22,sell,2021-02-22 09:20:00+00:00,55914.7628478925,56082.50713643617,55523.359507957255,closed,False,2021-02-22 09:25:00+00:00,56082.50713643617,StopLoss,-0.41999999999998394
2021-02-23,sell,2021-02-23 10:05:00+00:00,50796.837392741494,50949.22790491971,50441.259530992305,closed,False,2021-02-23 10:10:00+00:00,50441.259530992305,Target,0.5799999999999966
2021-02-24,buy,2021-02-24 09:20:00+00:00,50783.218457769,50681.652020853464,51138.700986973374,closed,True,2021-02-24 09:30:00+00:00,51138.700986973374,Target,0.5799999999999846
2021-02-25,sell,2021-02-25 09:30:00+00:00,50050.475137553,50200.626562965655,49700.12181159013,closed,False,2021-02-25 09:45:00+00:00,50200.626562965655,StopLoss,-0.4199999999999866
2021-02-26,sell,2021-02-26 10:35:00+00:00,46675.448972814,46768.799870759634,46348.720830004306,closed,True,2021-02-26 10:50:00+00:00,46768.799870759634,StopLoss,-0.3200000000000064
2021-02-27,buy,2021-02-27 09:25:00+00:00,47947.81478042699,47803.971336085706,48283.44948388998,closed,False,2021-02-27 09:30:00+00:00,47803.971336085706,StopLoss,-0.420000000000007
2021-02-28,sell,2021-02-28 09:20:00+00:00,44575.0650611285,44708.790256311884,44263.0396057006,closed,False,2021-02-28 09:25:00+00:00,44708.790256311884,StopLoss,-0.4199999999999929
2021-03-01,sell,2021-03-01 09:45:00+00:00,46269.7181427125,46362.25757899793,45945.830115713514,closed,True,2021-03-01 10:15:00+00:00,46362.25757899793,StopLoss,-0.3200000000000057
2021-03-02,sell,2021-03-02 09:45:00+00:00,48817.02403462151,48963.47510672537,48475.304866379156,closed,False,2021-03-02 10:05:00+00:00,48963.47510672537,StopLoss,-0.4199999999999917
2021-03-04,sell,2021-03-04 09:20:00+00:00,49699.35605791649,49798.75477003233,49351.46056551108,closed,True,2021-03-04 09:30:00+00:00,49798.75477003233,StopLoss,-0.3200000000000045
2021-03-05,buy,2021-03-05 09:25:00+00:00,47312.900587979995,47170.96188621606,47644.09089209585,closed,False,2021-03-05 09:30:00+00:00,47170.96188621606,StopLoss,-0.41999999999999643
2021-03-06,sell,2021-03-06 09:30:00+00:00,48390.197979409,48486.97837536782,48051.46659355314,closed,True,2021-03-06 10:20:00+00:00,48486.97837536782,StopLoss,-0.3200000000000041
2021-03-07,sell,2021-03-07 09:25:00+00:00,49479.849797950505,49628.28934734435,49133.49084936485,closed,False,2021-03-07 09:30:00+00:00,49628.28934734435,StopLoss,-0.4199999999999823
2021-03-08,sell,2021-03-08 09:45:00+00:00,50240.7368800925,50391.45909073277,49889.05172193186,closed,False,2021-03-08 09:50:00+00:00,50391.45909073277,StopLoss,-0.4199999999999843
2021-03-09,buy,2021-03-09 10:50:00+00:00,54198.292678537495,54089.89609318042,54577.680727287254,closed,True,2021-03-09 11:20:00+00:00,54089.89609318042,StopLoss,-0.32000000000000395
2021-03-10,sell,2021-03-10 10:40:00+00:00,53089.7714441955,53249.040758528085,52718.14304408614,closed,False,2021-03-10 10:45:00+00:00,53249.040758528085,StopLoss,-0.41999999999999044
2021-03-11,sell,2021-03-11 10:30:00+00:00,55537.80186767,55648.87747140534,55149.03725459631,closed,True,2021-03-11 11:30:00+00:00,55149.03725459631,Target,0.5800000000000005
2021-03-12,sell,2021-03-12 09:40:00+00:00,56730.05682397901,56843.51693762697,56332.94642621116,closed,True,2021-03-12 10:35:00+00:00,56843.51693762697,StopLoss,-0.32000000000000595
2021-03-13,sell,2021-03-13 10:05:00+00:00,56256.6933631095,56425.46344319882,55862.896509567734,closed,False,2021-03-13 10:10:00+00:00,56425.46344319882,StopLoss,-0.41999999999998794
2021-03-14,buy,2021-03-14 09:30:00+00:00,61466.83782688349,61282.43731340284,61897.10569167167,closed,False,2021-03-14 09:35:00+00:00,61282.43731340284,StopLoss,-0.41999999999999965
2021-03-15,buy,2021-03-15 09:30:00+00:00,60477.925974061494,60296.49219613931,60901.27145587992,closed,False,2021-03-15 09:50:00+00:00,60296.49219613931,StopLoss,-0.41999999999999643
2021-03-16,buy,2021-03-16 09:50:00+00:00,54711.83695935599,54547.70144847792,55094.819818071475,closed,False,2021-03-16 10:05:00+00:00,54547.70144847792,StopLoss,-0.42000000000000354
2021-03-17,sell,2021-03-17 09:20:00+00:00,55591.66913956051,55758.444146979185,55202.527455583586,closed,False,2021-03-17 09:50:00+00:00,55758.444146979185,StopLoss,-0.4199999999999918
2021-03-18,buy,2021-03-18 09:45:00+00:00,59167.414126601994,58989.91188422219,59581.5860254882,closed,False,2021-03-18 09:50:00+00:00,58989.91188422219,StopLoss,-0.4200000000000022
2021-03-19,buy,2021-03-19 09:55:00+00:00,57948.8966393355,57832.99884605683,58354.538915810845,closed,True,2021-03-19 10:25:00+00:00,57832.99884605683,StopLoss,-0.3200000000000033
2021-03-20,sell,2021-03-20 10:20:00+00:00,58173.31098290551,58347.83091585422,57766.09780602517,closed,False,2021-03-20 10:50:00+00:00,58347.83091585422,StopLoss,-0.4199999999999849
2021-03-21,buy,2021-03-21 09:20:00+00:00,57859.3339803855,57685.755978444344,58264.34931824819,closed,False,2021-03-21 09:30:00+00:00,57685.755978444344,StopLoss,-0.4199999999999958
2021-03-22,buy,2021-03-22 09:20:00+00:00,57570.97724306999,57455.83528858385,57973.97408377147,closed,True,2021-03-22 10:15:00+00:00,57455.83528858385,StopLoss,-0.32000000000000334
2021-03-23,sell,2021-03-23 09:50:00+00:00,54298.10014261301,54406.696342898234,53918.01344161472,closed,True,2021-03-23 10:15:00+00:00,54406.696342898234,StopLoss,-0.31999999999999773
2021-03-24,sell,2021-03-24 10:25:00+00:00,53995.80186936201,54103.79347310073,53617.83125627648,closed,True,2021-03-24 10:55:00+00:00,54103.79347310073,StopLoss,-0.31999999999999795
2021-03-25,buy,2021-03-25 10:45:00+00:00,52572.74542909649,52467.599938238294,52940.754647100155,closed,True,2021-03-25 11:35:00+00:00,52940.754647100155,Target,0.5799999999999828
2021-03-26,buy,2021-03-26 10:20:00+00:00,52788.6965106765,52630.33042114447,53158.21738625123,closed,False,2021-03-26 10:30:00+00:00,52630.33042114447,StopLoss,-0.4199999999999974
2021-03-27,buy,2021-03-27 09:40:00+00:00,54929.789441135996,54819.929862253724,55314.297967223945,closed,True,2021-03-27 10:40:00+00:00,54819.929862253724,StopLoss,-0.31999999999999873
2021-03-28,buy,2021-03-28 09:35:00+00:00,56209.05943147349,56096.64131261055,56602.5228474938,closed,True,2021-03-28 10:45:00+00:00,56096.64131261055,StopLoss,-0.3199999999999956
2021-03-29,sell,2021-03-29 09:40:00+00:00,55201.032737469504,55366.635835681904,54814.62550830722,closed,False,2021-03-29 10:05:00+00:00,55366.635835681904,StopLoss,-0.4199999999999834
2021-03-30,sell,2021-03-30 09:30:00+00:00,56997.69936976201,57168.69246787129,56598.71547417368,closed,False,2021-03-30 09:35:00+00:00,57168.69246787129,StopLoss,-0.4199999999999835
2021-03-31,buy,2021-03-31 11:50:00+00:00,58873.12323769349,58696.50386798041,59285.23510035734,closed,False,2021-03-31 11:55:00+00:00,59285.23510035734,Target,0.5799999999999909
2021-04-01,buy,2021-04-01 09:45:00+00:00,59198.72603273099,59021.129854632796,59613.1171149601,closed,False,2021-04-01 10:10:00+00:00,59021.129854632796,StopLoss,-0.42000000000000526
2021-04-02,sell,2021-04-02 19:00:00+00:00,59147.7684824195,59325.211787866756,58733.73410304257,closed,False,2021-04-02 19:40:00+00:00,59325.211787866756,StopLoss,-0.4199999999999921
2021-04-03,buy,2021-04-03 10:45:00+00:00,59459.92376933249,59281.54399802449,59876.14323571781,closed,False,2021-04-03 11:00:00+00:00,59281.54399802449,StopLoss,-0.4200000000000016
2021-04-04,buy,2021-04-04 09:25:00+00:00,57563.041691276994,57390.35256620316,57965.98298311593,closed,False,2021-04-04 11:00:00+00:00,57390.35256620316,StopLoss,-0.4200000000000045
2021-04-05,sell,2021-04-05 09:20:00+00:00,57479.421975968005,57594.38081991994,57077.06602213623,closed,True,2021-04-05 10:45:00+00:00,57077.06602213623,Target,0.5800000000000045
2021-04-06,sell,2021-04-06 09:25:00+00:00,58650.117032619506,58826.06738371736,58239.56621339117,closed,False,2021-04-06 09:50:00+00:00,58826.06738371736,StopLoss,-0.419999999999992
2021-04-07,sell,2021-04-07 09:30:00+00:00,57639.939551031,57755.21943013306,57236.459974173784,closed,True,2021-04-07 10:30:00+00:00,57755.21943013306,StopLoss,-0.31999999999999895
2021-04-08,buy,2021-04-08 09:50:00+00:00,56735.01739703249,56621.54736223842,57132.16251881171,closed,True,2021-04-08 11:35:00+00:00,57132.16251881171,Target,0.5799999999999871
2021-04-09,buy,2021-04-09 10:30:00+00:00,58256.9221371165,58082.15137070515,58664.72059207631,closed,False,2021-04-09 11:05:00+00:00,58082.15137070515,StopLoss,-0.41999999999999693
2021-04-10,buy,2021-04-10 09:20:00+00:00,59136.2973569925,59018.02476227852,59550.25143849144,closed,True,2021-04-10 09:35:00+00:00,59550.25143849144,Target,0.5799999999999835
2021-04-11,sell,2021-04-11 09:30:00+00:00,60137.58522447051,60257.86039491945,59716.622127899216,closed,True,2021-04-11 10:40:00+00:00,59716.622127899216,Target,0.5799999999999994
2021-04-12,buy,2021-04-12 09:20:00+00:00,60351.712673949005,60170.65753592716,60774.17466266664,closed,False,2021-04-12 10:05:00+00:00,60170.65753592716,StopLoss,-0.419999999999998
2021-04-13,sell,2021-04-13 09:20:00+00:00,60330.4601367715,60511.451517181806,59908.1469158141,closed,False,2021-04-13 09:25:00+00:00,60511.451517181806,StopLoss,-0.4199999999999847
2021-04-14,buy,2021-04-14 09:20:00+00:00,63780.381405576,63589.040261359274,64226.84407541503,closed,False,2021-04-14 09:25:00+00:00,63589.040261359274,StopLoss,-0.4199999999999986
2021-04-15,buy,2021-04-15 09:35:00+00:00,63235.655309641494,63045.94834371257,63678.30489680898,closed,False,2021-04-15 10:15:00+00:00,63045.94834371257,StopLoss,-0.42000000000000304
2021-04-16,sell,2021-04-16 09:30:00+00:00,62705.581624950006,62893.69836982485,62266.64255357536,closed,False,2021-04-16 10:00:00+00:00,62266.64255357536,Target,0.5799999999999952
2021-04-17,sell,2021-04-17 10:45:00+00:00,62057.930233639505,62244.10402434041,61623.524722004026,closed,False,2021-04-17 11:00:00+00:00,62244.10402434041,StopLoss,-0.4199999999999835
2021-04-19,sell,2021-04-19 10:35:00+00:00,56771.447834121005,56884.99072978925,56374.04769928216,closed,True,2021-04-19 11:10:00+00:00,56884.99072978925,StopLoss,-0.3200000000000043
2021-04-20,buy,2021-04-20 09:20:00+00:00,54819.011940066,54654.5549042458,55202.74502364645,closed,False,2021-04-20 09:25:00+00:00,54654.5549042458,StopLoss,-0.41999999999999693
2021-04-21,sell,2021-04-21 09:20:00+00:00,55481.9160095775,55592.87984159665,55093.54259751046,closed,True,2021-04-21 09:35:00+00:00,55093.54259751046,Target,0.5799999999999982
2021-04-22,sell,2021-04-22 09:20:00+00:00,53332.6213544975,53492.61921856099,52959.29300501602,closed,False,2021-04-22 09:25:00+00:00,53492.61921856099,StopLoss,-0.4199999999999901
2021-04-23,buy,2021-04-23 09:30:00+00:00,50474.797683448494,50323.37329039815,50828.12126723263,closed,False,2021-04-23 09:35:00+00:00,50323.37329039815,StopLoss,-0.41999999999999604
2021-04-24,sell,2021-04-24 09:30:00+00:00,50017.70309077351,50167.75620004583,49667.579169138095,closed,False,2021-04-24 09:40:00+00:00,50167.75620004583,StopLoss,-0.41999999999999427
2021-04-25,sell,2021-04-25 09:45:00+00:00,49644.964153473506,49793.89904593392,49297.44940439919,closed,False,2021-04-25 09:50:00+00:00,49793.89904593392,StopLoss,-0.41999999999998444
2021-04-26,buy,2021-04-26 09:30:00+00:00,52496.812305508494,52339.32186859197,52864.28999164705,closed,False,2021-04-26 09:35:00+00:00,52339.32186859197,StopLoss,-0.4199999999999959
2021-04-27,sell,2021-04-27 09:45:00+00:00,53318.36134207051,53478.31642609672,52945.13281267601,closed,False,2021-04-27 09:50:00+00:00,53478.31642609672,StopLoss,-0.4199999999999954
2021-04-28,sell,2021-04-28 09:25:00+00:00,54832.9605316365,54997.4594132314,54449.129807915044,closed,False,2021-04-28 09:40:00+00:00,54997.4594132314,StopLoss,-0.4199999999999893
2021-04-29,sell,2021-04-29 09:20:00+00:00,54162.23030451651,54324.716995430055,53783.0946923849,closed,False,2021-04-29 09:25:00+00:00,54324.716995430055,StopLoss,-0.41999999999999227
2021-04-30,buy,2021-04-30 09:30:00+00:00,53883.907731620995,53776.13991615775,54261.09508574234,closed,True,2021-04-30 10:00:00+00:00,54261.09508574234,Target,0.5799999999999921
2021-05-01,sell,2021-05-01 10:00:00+00:00,57903.80973893651,58077.52116815331,57498.48307076395,closed,False,2021-05-01 10:25:00+00:00,58077.52116815331,StopLoss,-0.4199999999999911
2021-05-02,sell,2021-05-02 09:20:00+00:00,56513.5434678125,56683.084098215935,56117.94866353781,closed,False,2021-05-02 09:25:00+00:00,56683.084098215935,StopLoss,-0.4199999999999923
2021-05-03,sell,2021-05-03 09:20:00+00:00,57878.52744640651,58052.16302874572,57473.37775428166,closed,False,2021-05-03 11:10:00+00:00,58052.16302874572,StopLoss,-0.41999999999999227
2021-05-04,sell,2021-05-04 09:20:00+00:00,55453.775718761506,55564.68327019903,55065.599288730176,closed,True,2021-05-04 09:35:00+00:00,55564.68327019903,StopLoss,-0.31999999999999773
2021-05-05,sell,2021-05-05 09:20:00+00:00,54774.906192327,54939.23091090397,54391.48184898071,closed,False,2021-05-05 09:35:00+00:00,54939.23091090397,StopLoss,-0.4199999999999843
2021-05-06,buy,2021-05-06 09:40:00+00:00,57221.1274846095,57106.68522964028,57621.67537700176,closed,True,2021-05-06 10:00:00+00:00,57621.67537700176,Target,0.5799999999999953
2021-05-07,sell,2021-05-07 09:35:00+00:00,55481.251475011006,55647.69522943603,55092.882714685926,closed,False,2021-05-07 09:40:00+00:00,55647.69522943603,StopLoss,-0.4199999999999855
2021-05-08,buy,2021-05-08 09:45:00+00:00,58536.45269954999,58360.84334145134,58946.207868446836,closed,False,2021-05-08 09:55:00+00:00,58360.84334145134,StopLoss,-0.41999999999999826
2021-05-09,sell,2021-05-09 09:25:00+00:00,58524.99466709851,58700.569651099795,58115.31970442882,closed,False,2021-05-09 09:30:00+00:00,58700.569651099795,StopLoss,-0.41999999999998505
2021-05-10,buy,2021-05-10 09:35:00+00:00,59525.619730897495,59347.042871704805,59942.299069013774,closed,False,2021-05-10 09:40:00+00:00,59347.042871704805,StopLoss,-0.41999999999999565
2021-05-11,buy,2021-05-11 09:35:00+00:00,55397.0913703335,55230.9000962225,55784.87100992583,closed,False,2021-05-11 09:40:00+00:00,55230.9000962225,StopLoss,-0.4199999999999974
2021-05-12,buy,2021-05-12 09:20:00+00:00,57909.8593284345,57736.129750449196,58315.228343733535,closed,False,2021-05-12 09:50:00+00:00,57736.129750449196,StopLoss,-0.419999999999996
2021-05-13,buy,2021-05-13 09:30:00+00:00,50742.890243739,50641.40446325152,51098.09047544517,closed,True,2021-05-13 10:10:00+00:00,50641.40446325152,StopLoss,-0.3199999999999987
2021-05-14,sell,2021-05-14 09:20:00+00:00,49236.795031128,49384.50541622138,48892.137465910106,closed,False,2021-05-14 09:30:00+00:00,49384.50541622138,StopLoss,-0.4199999999999881
2021-05-15,sell,2021-05-15 09:20:00+00:00,49719.307084413005,49868.465005666236,49371.271934822114,closed,False,2021-05-15 09:25:00+00:00,49868.465005666236,StopLoss,-0.41999999999998305
2021-05-16,buy,2021-05-16 09:25:00+00:00,48430.9878132105,48285.694849770865,48770.00472790297,closed,False,2021-05-16 09:30:00+00:00,48770.00472790297,Target,0.5799999999999871
2021-05-17,sell,2021-05-17 09:25:00+00:00,43011.05048161751,43140.08363306236,42709.97312824619,closed,False,2021-05-17 09:30:00+00:00,42709.97312824619,Target,0.5799999999999983
2021-05-18,buy,2021-05-18 09:35:00+00:00,45230.85396692099,45095.16140502023,45547.46994468944,closed,False,2021-05-18 09:45:00+00:00,45095.16140502023,StopLoss,-0.4199999999999929
2021-05-19,sell,2021-05-19 09:45:00+00:00,40119.6655792765,40240.02457601433,39838.82792022156,closed,False,2021-05-19 09:50:00+00:00,39838.82792022156,Target,0.5800000000000058
2021-05-20,buy,2021-05-20 09:30:00+00:00,38715.705902862,38599.558785153415,38986.71584418203,closed,False,2021-05-20 09:35:00+00:00,38986.71584418203,Target,0.5799999999999886
2021-05-21,sell,2021-05-21 09:30:00+00:00,40498.285397665,40619.78025385799,40214.79739988135,closed,False,2021-05-21 09:35:00+00:00,40619.78025385799,StopLoss,-0.41999999999999327
2021-05-22,sell,2021-05-22 09:55:00+00:00,36534.9163025505,36644.52105145814,36279.17188843264,closed,False,2021-05-22 10:00:00+00:00,36644.52105145814,StopLoss,-0.419999999999981
2021-05-23,sell,2021-05-23 09:30:00+00:00,37293.45003295701,37405.33038305587,37032.395882726305,closed,False,2021-05-23 09:35:00+00:00,37405.33038305587,StopLoss,-0.4199999999999843
2021-05-24,sell,2021-05-24 09:35:00+00:00,35053.24904778,35158.408794923336,34807.87630444554,closed,False,2021-05-24 09:40:00+00:00,35158.408794923336,StopLoss,-0.4199999999999836
2021-05-25,sell,2021-05-25 09:50:00+00:00,37819.8263641315,37933.285843223886,37555.08757958258,closed,False,2021-05-25 09:55:00+00:00,37933.285843223886,StopLoss,-0.4199999999999814
2021-05-26,buy,2021-05-26 09:25:00+00:00,39627.83904051149,39508.95552338996,39905.23391379507,closed,False,2021-05-26 09:30:00+00:00,39508.95552338996,StopLoss,-0.4199999999999946
2021-05-27,buy,2021-05-27 11:15:00+00:00,37969.6189328055,37855.71007600708,38235.40626533513,closed,False,2021-05-27 11:20:00+00:00,38235.40626533513,Target,0.5799999999999813
2021-05-28,sell,2021-05-28 09:45:00+00:00,37838.99294004951,37914.67092592961,37574.11998946916,closed,True,2021-05-28 10:00:00+00:00,37574.11998946916,Target,0.5800000000000076
2021-05-29,sell,2021-05-29 10:20:00+00:00,36149.1265059445,36257.57388546233,35896.082620402885,closed,False,2021-05-29 10:25:00+00:00,35896.082620402885,Target,0.5800000000000073
2021-05-30,buy,2021-05-30 09:20:00+00:00,34800.276628593005,34730.67607533582,35043.87856499315,closed,True,2021-05-30 09:30:00+00:00,34730.67607533582,StopLoss,-0.32000000000000317
2021-05-31,sell,2021-05-31 09:45:00+00:00,34236.39116703701,34339.10034053811,33996.73642886775,closed,False,2021-05-31 09:50:00+00:00,34339.10034053811,StopLoss,-0.4199999999999836
2021-06-01,buy,2021-06-01 11:15:00+00:00,37169.013821301,37094.675793658396,37429.196918050104,closed,True,2021-06-01 11:35:00+00:00,37429.196918050104,Target,0.5799999999999924
2021-06-02,buy,2021-06-02 09:50:00+00:00,36698.78484431099,36588.688489778055,36955.676338221165,closed,False,2021-06-02 10:15:00+00:00,36588.688489778055,StopLoss,-0.42000000000000814
2021-06-03,buy,2021-06-03 09:25:00+00:00,37683.91905425549,37608.55121614698,37947.70648763528,closed,True,2021-06-03 10:05:00+00:00,37947.70648763528,Target,0.5799999999999992
2021-06-04,sell,2021-06-04 09:50:00+00:00,37569.1619270475,37681.86941282864,37306.17779355816,closed,False,2021-06-04 09:55:00+00:00,37681.86941282864,StopLoss,-0.4199999999999894
2021-06-05,sell,2021-06-05 09:25:00+00:00,37385.0808556265,37497.236098193374,37123.38528963711,closed,False,2021-06-05 09:30:00+00:00,37497.236098193374,StopLoss,-0.41999999999999565
2021-06-06,buy,2021-06-06 11:30:00+00:00,36319.349387394,36210.39133923182,36573.58483310576,closed,False,2021-06-06 11:40:00+00:00,36210.39133923182,StopLoss,-0.4199999999999986
2021-06-07,sell,2021-06-07 09:50:00+00:00,36250.130763552,36358.88115584265,35996.379848207136,closed,False,2021-06-07 10:05:00+00:00,36358.88115584265,StopLoss,-0.41999999999999565
2021-06-08,sell,2021-06-08 12:35:00+00:00,32383.828683651,32480.98016970195,32157.141882865446,closed,False,2021-06-08 12:40:00+00:00,32480.98016970195,StopLoss,-0.4199999999999868
2021-06-09,sell,2021-06-09 09:50:00+00:00,32627.008362986002,32724.889388074957,32398.6193044451,closed,False,2021-06-09 10:00:00+00:00,32724.889388074957,StopLoss,-0.41999999999998966
2021-06-10,sell,2021-06-10 09:55:00+00:00,36901.129810197504,36974.9320698179,36642.82190152612,closed,True,2021-06-10 10:40:00+00:00,36974.9320698179,StopLoss,-0.3200000000000013
2021-06-11,buy,2021-06-11 10:05:00+00:00,36964.530762867,36890.601701341264,37223.28247820706,closed,True,2021-06-11 10:35:00+00:00,37223.28247820706,Target,0.5799999999999818
2021-06-12,sell,2021-06-12 09:20:00+00:00,35294.684948440496,35400.56900328581,35047.622153801414,closed,False,2021-06-12 09:25:00+00:00,35400.56900328581,StopLoss,-0.4199999999999827
2021-06-13,sell,2021-06-13 09:30:00+00:00,34824.30439836951,34928.77731156461,34580.53426758092,closed,False,2021-06-13 09:35:00+00:00,34928.77731156461,StopLoss,-0.419999999999983
2021-06-14,buy,2021-06-14 09:25:00+00:00,39060.647227332,38943.46528565001,39334.071757923324,closed,False,2021-06-14 09:30:00+00:00,38943.46528565001,StopLoss,-0.4199999999999913
2021-06-15,sell,2021-06-15 14:05:00+00:00,40075.461539353004,40195.68792397106,39794.933308577536,closed,False,2021-06-15 14:15:00+00:00,39794.933308577536,Target,0.5799999999999921
2021-06-16,buy,2021-06-16 10:00:00+00:00,40119.7832096715,40039.54364325215,40400.6216921392,closed,True,2021-06-16 11:55:00+00:00,40400.6216921392,Target,0.5799999999999932
2021-06-17,buy,2021-06-17 09:35:00+00:00,38994.30081070199,38877.317908269884,39267.2609163769,closed,False,2021-06-17 10:10:00+00:00,38877.317908269884,StopLoss,-0.420000000000005
2021-06-18,buy,2021-06-18 10:05:00+00:00,38038.4170646805,37924.30181348646,38304.68598413326,closed,False,2021-06-18 10:25:00+00:00,37924.30181348646,StopLoss,-0.4199999999999911
2021-06-19,buy,2021-06-19 11:30:00+00:00,35687.117071215,35580.05572000135,35936.9268907135,closed,False,2021-06-19 11:35:00+00:00,35580.05572000135,StopLoss,-0.42000000000000803
2021-06-20,buy,2021-06-20 10:05:00+00:00,35802.9431042895,35695.534274976635,36053.56370601952,closed,False,2021-06-20 11:00:00+00:00,35695.534274976635,StopLoss,-0.4199999999999934
2021-06-21,sell,2021-06-21 09:30:00+00:00,34653.0043752275,34756.96338835318,34410.43334460091,closed,False,2021-06-21 09:35:00+00:00,34410.43334460091,Target,0.579999999999993
2021-06-22,sell,2021-06-22 11:05:00+00:00,32548.173578097005,32645.818098831292,32320.336363050326,closed,False,2021-06-22 11:15:00+00:00,32645.818098831292,StopLoss,-0.41999999999998966
2021-06-23,buy,2021-06-23 10:20:00+00:00,34205.240335131,34102.624614125605,34444.67701747691,closed,False,2021-06-23 10:25:00+00:00,34102.624614125605,StopLoss,-0.42000000000000126
2021-06-24,sell,2021-06-24 10:00:00+00:00,32385.102791278503,32482.258099652336,32158.40707173955,closed,False,2021-06-24 10:05:00+00:00,32482.258099652336,StopLoss,-0.4199999999999912
2021-06-25,sell,2021-06-25 09:55:00+00:00,34788.23466126001,34857.81113058253,34544.717018631185,closed,True,2021-06-25 10:30:00+00:00,34857.81113058253,StopLoss,-0.32000000000000284
2021-06-26,buy,2021-06-26 10:15:00+00:00,32243.122617556495,32178.636372321384,32468.824475879388,closed,True,2021-06-26 10:30:00+00:00,32468.824475879388,Target,0.5799999999999919
2021-06-27,buy,2021-06-27 09:30:00+00:00,33259.20347809349,33159.425867659214,33492.017902440144,closed,False,2021-06-27 09:35:00+00:00,33159.425867659214,StopLoss,-0.4199999999999909
2021-06-28,sell,2021-06-28 10:05:00+00:00,34310.529241455995,34413.46082918036,34070.355536765805,closed,False,2021-06-28 10:20:00+00:00,34413.46082918036,StopLoss,-0.4199999999999894
2021-06-29,buy,2021-06-29 09:30:00+00:00,34701.632616235496,34597.52771838679,34944.54404454914,closed,False,2021-06-29 09:35:00+00:00,34944.54404454914,Target,0.5799999999999875
2021-06-30,sell,2021-06-30 09:25:00+00:00,35112.932246252494,35218.27104299125,34867.14172052873,closed,False,2021-06-30 09:40:00+00:00,35218.27104299125,StopLoss,-0.41999999999998855
2021-07-01,sell,2021-07-01 09:25:00+00:00,34118.35883572551,34220.71391223268,33879.53032387543,closed,False,2021-07-01 09:35:00+00:00,34220.71391223268,StopLoss,-0.41999999999998217
2021-07-02,sell,2021-07-02 11:15:00+00:00,32744.785872772005,32843.02023039032,32515.5723716626,closed,False,2021-07-02 11:20:00+00:00,32843.02023039032,StopLoss,-0.41999999999999904
2021-07-03,buy,2021-07-03 09:35:00+00:00,33610.7894512275,33509.95708287382,33846.06497738609,closed,False,2021-07-03 09:50:00+00:00,33509.95708287382,StopLoss,-0.41999999999999277
2021-07-04,buy,2021-07-04 09:55:00+00:00,34810.20357358501,34705.772962864256,35053.8749986001,closed,False,2021-07-04 11:10:00+00:00,35053.8749986001,Target,0.5799999999999879
2021-07-05,sell,2021-07-05 09:20:00+00:00,34270.592212959506,34373.40398959838,34030.69806746879,closed,False,2021-07-05 09:25:00+00:00,34373.40398959838,StopLoss,-0.4199999999999897
2021-07-06,buy,2021-07-06 09:30:00+00:00,33992.5565393775,33890.57886975937,34230.50443515314,closed,False,2021-07-06 09:35:00+00:00,34230.50443515314,Target,0.5799999999999821
2021-07-07,buy,2021-07-07 09:50:00+00:00,34580.182648599,34511.022283301805,34822.24392713919,closed,True,2021-07-07 10:45:00+00:00,34822.24392713919,Target,0.5799999999999912
2021-07-08,sell,2021-07-08 11:25:00+00:00,33045.325377847,33144.46135398054,32814.008100202074,closed,False,2021-07-08 11:30:00+00:00,33144.46135398054,StopLoss,-0.41999999999999904
2021-07-09,buy,2021-07-09 09:35:00+00:00,33134.646336646496,33035.24239763655,33366.588861003016,closed,False,2021-07-09 09:40:00+00:00,33035.24239763655,StopLoss,-0.4200000000000088
2021-07-10,buy,2021-07-10 10:00:00+00:00,33893.96256202499,33792.280674338916,34131.22029995917,closed,False,2021-07-10 10:10:00+00:00,33792.280674338916,StopLoss,-0.4200000000000088
2021-07-11,sell,2021-07-11 09:25:00+00:00,33425.169338858,33525.444846874576,33191.193153486,closed,False,2021-07-11 10:20:00+00:00,33525.444846874576,StopLoss,-0.4199999999999983
2021-07-12,buy,2021-07-12 09:40:00+00:00,34561.1543361975,34457.470873188904,34803.082416550875,closed,False,2021-07-12 09:55:00+00:00,34457.470873188904,StopLoss,-0.42000000000000465
2021-07-13,sell,2021-07-13 10:00:00+00:00,33047.813635096,33146.95707600128,32816.478939650326,closed,False,2021-07-13 10:15:00+00:00,33146.95707600128,StopLoss,-0.41999999999998106
2021-07-14,sell,2021-07-14 14:30:00+00:00,31638.94039611,31733.857217298326,31417.46781333723,closed,False,2021-07-14 14:35:00+00:00,31733.857217298326,StopLoss,-0.4199999999999878
2021-07-15,sell,2021-07-15 09:30:00+00:00,32626.158957901003,32691.411275816805,32397.775845195694,closed,True,2021-07-15 12:30:00+00:00,32397.775845195694,Target,0.5800000000000062
2021-07-16,sell,2021-07-16 09:55:00+00:00,31868.189832051,31963.79440154715,31645.112503226643,closed,False,2021-07-16 10:15:00+00:00,31963.79440154715,StopLoss,-0.4199999999999917
2021-07-17,sell,2021-07-17 09:30:00+00:00,31292.418096933503,31386.2953512243,31073.37117025497,closed,False,2021-07-17 10:10:00+00:00,31386.2953512243,StopLoss,-0.41999999999998966
2021-07-18,sell,2021-07-18 10:30:00+00:00,32036.776755421502,32100.850308932346,31812.519318133553,closed,True,2021-07-18 13:15:00+00:00,31812.519318133553,Target,0.5799999999999981
2021-07-19,buy,2021-07-19 09:55:00+00:00,31656.397138424996,31593.084344148145,31877.991918393967,closed,True,2021-07-19 11:15:00+00:00,31877.991918393967,Target,0.5799999999999879
2021-07-20,sell,2021-07-20 15:25:00+00:00,29501.7222827385,29560.72572730398,29295.210226759333,closed,True,2021-07-20 15:50:00+00:00,29560.72572730398,StopLoss,-0.3200000000000043
2021-07-21,buy,2021-07-21 09:35:00+00:00,29935.393106444997,29845.586927125663,30144.940858190108,closed,False,2021-07-21 09:45:00+00:00,30144.940858190108,Target,0.5799999999999863
2021-07-22,buy,2021-07-22 09:45:00+00:00,32149.141867665,32052.694442062006,32374.18586073865,closed,False,2021-07-22 10:20:00+00:00,32052.694442062006,StopLoss,-0.4199999999999952
2021-07-23,buy,2021-07-23 10:00:00+00:00,32716.388719349998,32650.9559419113,32945.403440385446,closed,True,2021-07-23 11:15:00+00:00,32650.9559419113,StopLoss,-0.3199999999999951
2021-07-24,buy,2021-07-24 09:30:00+00:00,33756.9116798295,33655.64094479001,33993.2100615883,closed,False,2021-07-24 09:35:00+00:00,33655.64094479001,StopLoss,-0.42000000000001075
2021-07-25,buy,2021-07-25 10:00:00+00:00,34418.17930940999,34349.34295079117,34659.10656457586,closed,True,2021-07-25 10:55:00+00:00,34349.34295079117,StopLoss,-0.32000000000000195
2021-07-26,buy,2021-07-26 10:10:00+00:00,38516.356435941,38400.80736663318,38785.97093099258,closed,False,2021-07-26 10:25:00+00:00,38400.80736663318,StopLoss,-0.420000000000004
2021-07-27,buy,2021-07-27 09:40:00+00:00,36977.48482566149,36866.55237118451,37236.32721944112,closed,False,2021-07-27 09:50:00+00:00,36866.55237118451,StopLoss,-0.41999999999999943
2021-07-28,sell,2021-07-28 12:10:00+00:00,39448.860404649,39567.20698586294,39172.718381816456,closed,False,2021-07-28 12:25:00+00:00,39567.20698586294,StopLoss,-0.4199999999999828
2021-07-29,buy,2021-07-29 09:55:00+00:00,39996.4769433495,39876.48751251945,40276.452281952945,closed,False,2021-07-29 10:35:00+00:00,39876.48751251945,StopLoss,-0.4200000000000036
2021-07-30,sell,2021-07-30 09:35:00+00:00,39915.14382431001,39994.97411195863,39635.73781753984,closed,True,2021-07-30 11:40:00+00:00,39635.73781753984,Target,0.5800000000000051
2021-07-31,sell,2021-07-31 09:35:00+00:00,41686.812964601006,41811.87340349481,41395.0052738488,closed,False,2021-07-31 10:25:00+00:00,41811.87340349481,StopLoss,-0.4199999999999949
2021-08-01,buy,2021-08-01 09:20:00+00:00,42358.6995784065,42273.98217924969,42655.210475455344,closed,True,2021-08-01 09:50:00+00:00,42273.98217924969,StopLoss,-0.31999999999999873
2021-08-02,sell,2021-08-02 09:45:00+00:00,39654.491382726505,39773.45485687468,39376.909943047416,closed,False,2021-08-02 09:55:00+00:00,39773.45485687468,StopLoss,-0.4199999999999978
2021-08-03,sell,2021-08-03 10:10:00+00:00,38475.617054756505,38591.04390592077,38206.28773537321,closed,False,2021-08-03 10:15:00+00:00,38591.04390592077,StopLoss,-0.41999999999999044
2021-08-04,sell,2021-08-04 09:40:00+00:00,37841.820959332494,37955.34642221049,37576.92821261717,closed,False,2021-08-04 10:15:00+00:00,37955.34642221049,StopLoss,-0.4199999999999931
2021-08-05,sell,2021-08-05 11:45:00+00:00,39217.072746454,39295.50689194691,38942.55323722882,closed,True,2021-08-05 12:30:00+00:00,38942.55323722882,Target,0.580000000000009
2021-08-06,sell,2021-08-06 09:40:00+00:00,40099.199913228505,40179.39831305496,39818.5055138359,closed,True,2021-08-06 10:30:00+00:00,40179.39831305496,StopLoss,-0.31999999999999496
2021-08-07,buy,2021-08-07 09:40:00+00:00,43808.478858783,43677.05342220665,44115.138210794474,closed,False,2021-08-07 09:50:00+00:00,43677.05342220665,StopLoss,-0.41999999999999804
2021-08-08,buy,2021-08-08 09:30:00+00:00,44387.6190311565,44254.45617406303,44698.33236437459,closed,False,2021-08-08 09:35:00+00:00,44254.45617406303,StopLoss,-0.42000000000000104
2021-08-09,sell,2021-08-09 09:50:00+00:00,43231.960758224,43361.656640498666,42929.33703291643,closed,False,2021-08-09 09:55:00+00:00,43361.656640498666,StopLoss,-0.4199999999999893
2021-08-10,sell,2021-08-10 09:30:00+00:00,45618.489257044006,45755.344724815135,45299.159832244695,closed,False,2021-08-10 09:40:00+00:00,45755.344724815135,StopLoss,-0.4199999999999935
2021-08-11,buy,2021-08-11 09:20:00+00:00,45653.35955614199,45516.39947747357,45972.93307303498,closed,False,2021-08-11 09:30:00+00:00,45516.39947747357,StopLoss,-0.4199999999999959
2021-08-12,sell,2021-08-12 09:20:00+00:00,45957.5867564775,46049.50192999046,45635.883649182164,closed,True,2021-08-12 09:55:00+00:00,45635.883649182164,Target,0.5799999999999936
2021-08-13,sell,2021-08-13 09:35:00+00:00,45048.40853599601,45183.553761603995,44733.069676244035,closed,False,2021-08-13 10:00:00+00:00,45183.553761603995,StopLoss,-0.4199999999999966
2021-08-14,buy,2021-08-14 09:50:00+00:00,47640.239597691,47497.318878897924,47973.72127487483,closed,False,2021-08-14 10:20:00+00:00,47497.318878897924,StopLoss,-0.42000000000000065
2021-08-15,sell,2021-08-15 09:20:00+00:00,46929.0663416935,47022.92447437689,46600.56287730164,closed,True,2021-08-15 09:40:00+00:00,46600.56287730164,Target,0.5800000000000016
2021-08-16,sell,2021-08-16 09:20:00+00:00,47396.66384098601,47538.85383250896,47064.88719409911,closed,False,2021-08-16 09:40:00+00:00,47538.85383250896,StopLoss,-0.4199999999999861
2021-08-17,sell,2021-08-17 09:50:00+00:00,46295.55005029751,46434.4367004484,45971.48119994543,closed,False,2021-08-17 10:15:00+00:00,46434.4367004484,StopLoss,-0.41999999999999277
2021-08-18,buy,2021-08-18 09:25:00+00:00,44989.520127304495,44899.54108704989,45304.44676819562,closed,True,2021-08-18 10:10:00+00:00,44899.54108704989,StopLoss,-0.3199999999999932
2021-08-19,sell,2021-08-19 09:25:00+00:00,44005.618895644,44137.63575233093,43697.57956337449,closed,False,2021-08-19 09:30:00+00:00,44137.63575233093,StopLoss,-0.41999999999998444
2021-08-20,sell,2021-08-20 10:40:00+00:00,46910.71419535701,47051.446337943074,46582.33919598951,closed,False,2021-08-20 11:00:00+00:00,47051.446337943074,StopLoss,-0.4199999999999863
2021-08-21,sell,2021-08-21 09:45:00+00:00,48650.375753445,48796.326880705325,48309.823123170885,closed,False,2021-08-21 10:00:00+00:00,48796.326880705325,StopLoss,-0.41999999999998305
2021-08-22,buy,2021-08-22 09:35:00+00:00,48981.117689685,48883.15545430563,49323.985513512795,closed,True,2021-08-22 13:35:00+00:00,49323.985513512795,Target,0.579999999999997
2021-08-23,buy,2021-08-23 10:55:00+00:00,50423.1415442865,50271.87211965364,50776.1035350965,closed,False,2021-08-23 11:05:00+00:00,50271.87211965364,StopLoss,-0.42000000000000304
2021-08-24,buy,2021-08-24 09:25:00+00:00,49416.22709666549,49267.978415375495,49762.14068634214,closed,False,2021-08-24 09:30:00+00:00,49267.978415375495,StopLoss,-0.41999999999999726
2021-08-25,sell,2021-08-25 09:20:00+00:00,48064.66597883301,48208.8599767695,47728.21331698118,closed,False,2021-08-25 09:35:00+00:00,48208.8599767695,StopLoss,-0.41999999999998255
2021-08-26,sell,2021-08-26 09:20:00+00:00,47861.34838048701,47957.07107724799,47526.3189418236,closed,True,2021-08-26 10:30:00+00:00,47957.07107724799,StopLoss,-0.3200000000000019
2021-08-27,sell,2021-08-27 09:20:00+00:00,46684.14788018451,46824.200323825055,46357.35884502321,closed,False,2021-08-27 09:25:00+00:00,46824.200323825055,StopLoss,-0.4199999999999854
2021-08-28,sell,2021-08-28 09:25:00+00:00,48839.623206383,48986.14207600215,48497.74584393832,closed,False,2021-08-28 09:30:00+00:00,48986.14207600215,StopLoss,-0.41999999999999615
2021-08-29,sell,2021-08-29 09:30:00+00:00,48060.09418087551,48156.21436923726,47723.67352160938,closed,True,2021-08-29 09:50:00+00:00,48156.21436923726,StopLoss,-0.3200000000000065
2021-08-30,sell,2021-08-30 09:20:00+00:00,47827.2172855715,47970.69893742821,47492.426764572505,closed,False,2021-08-30 09:25:00+00:00,47970.69893742821,StopLoss,-0.41999999999998955
2021-08-31,buy,2021-08-31 09:20:00+00:00,47205.52546725,47063.90889084825,47535.964145520746,closed,False,2021-08-31 10:20:00+00:00,47063.90889084825,StopLoss,-0.4199999999999992
2021-09-01,buy,2021-09-01 09:25:00+00:00,47057.401838448,46963.28703477111,47386.80365131713,closed,True,2021-09-01 10:45:00+00:00,47386.80365131713,Target,0.5799999999999903
2021-09-02,sell,2021-09-02 09:25:00+00:00,49561.6525041365,49660.775809144776,49214.72093660755,closed,True,2021-09-02 10:45:00+00:00,49660.775809144776,StopLoss,-0.32000000000000145
2021-09-03,buy,2021-09-03 09:20:00+00:00,49532.82366881699,49433.758021479356,49879.55343449871,closed,True,2021-09-03 11:10:00+00:00,49433.758021479356,StopLoss,-0.32000000000000534
2021-09-04,buy,2021-09-04 09:45:00+00:00,50420.56474152899,50269.303047304405,50773.50869471969,closed,False,2021-09-04 10:30:00+00:00,50269.303047304405,StopLoss,-0.4200000000000014
2021-09-05,sell,2021-09-05 09:20:00+00:00,49676.71191765051,49825.74205340345,49328.97493422696,closed,False,2021-09-05 09:30:00+00:00,49825.74205340345,StopLoss,-0.41999999999998905
2021-09-06,sell,2021-09-06 09:20:00+00:00,51539.802027590005,51694.42143367277,51179.02341339688,closed,False,2021-09-06 09:45:00+00:00,51694.42143367277,StopLoss,-0.41999999999998444
2021-09-07,sell,2021-09-07 09:30:00+00:00,52568.811319563014,52673.94894220214,52200.829640326076,closed,True,2021-09-07 12:35:00+00:00,52200.829640326076,Target,0.5799999999999949
2021-09-08,sell,2021-09-08 11:10:00+00:00,46236.966081935,46375.676980180804,45913.307319361455,closed,False,2021-09-08 11:15:00+00:00,46375.676980180804,StopLoss,-0.4199999999999918
2021-09-09,buy,2021-09-09 09:35:00+00:00,46118.70011314349,46026.4627129172,46441.531013935484,closed,True,2021-09-09 12:30:00+00:00,46026.4627129172,StopLoss,-0.3200000000000016
2021-09-10,sell,2021-09-10 10:30:00+00:00,46437.8903565415,46577.20402761112,46112.82512404571,closed,False,2021-09-10 10:40:00+00:00,46577.20402761112,StopLoss,-0.41999999999999
2021-09-11,buy,2021-09-11 09:30:00+00:00,45377.90184311549,45241.76813758614,45695.547156017295,closed,False,2021-09-11 09:40:00+00:00,45241.76813758614,StopLoss,-0.4200000000000032
2021-09-12,buy,2021-09-12 09:55:00+00:00,45401.83358600699,45265.62808524897,45719.646421109035,closed,False,2021-09-12 10:30:00+00:00,45265.62808524897,StopLoss,-0.4199999999999983
2021-09-13,sell,2021-09-13 09:25:00+00:00,44760.16541865151,44849.68574948881,44446.84426072094,closed,True,2021-09-13 10:35:00+00:00,44446.84426072094,Target,0.5800000000000085
2021-09-14,buy,2021-09-14 09:45:00+00:00,45348.541302181504,45212.49567827496,45665.98109129677,closed,False,2021-09-14 10:00:00+00:00,45212.49567827496,StopLoss,-0.42000000000000354
2021-09-15,sell,2021-09-15 10:25:00+00:00,46934.767348764006,47075.57165081029,46606.22397732266,closed,False,2021-09-15 10:55:00+00:00,47075.57165081029,StopLoss,-0.41999999999998816
2021-09-16,buy,2021-09-16 09:35:00+00:00,48025.779325218,47929.727766567565,48361.95978049452,closed,True,2021-09-16 10:00:00+00:00,48361.95978049452,Target,0.5799999999999965
2021-09-17,buy,2021-09-17 10:25:00+00:00,48128.811407514,47984.424973291454,48465.71308736659,closed,False,2021-09-17 10:50:00+00:00,47984.424973291454,StopLoss,-0.42000000000000093
2021-09-18,buy,2021-09-18 09:25:00+00:00,47979.797155623004,47883.83756131176,48315.65573571236,closed,True,2021-09-18 10:05:00+00:00,48315.65573571236,Target,0.5799999999999899
2021-09-19,buy,2021-09-19 11:30:00+00:00,48097.429452378,47953.13716402086,48434.11145854464,closed,False,2021-09-19 11:45:00+00:00,47953.13716402086,StopLoss,-0.4200000000000068
2021-09-20,sell,2021-09-20 13:00:00+00:00,45113.7777520375,45249.11908529361,44797.98130777324,closed,False,2021-09-20 13:05:00+00:00,44797.98130777324,Target,0.5799999999999997
2021-09-21,sell,2021-09-21 09:20:00+00:00,42621.068621091996,42748.93182695527,42322.721140744354,closed,False,2021-09-21 09:25:00+00:00,42748.93182695527,StopLoss,-0.4199999999999907
2021-09-22,sell,2021-09-22 09:30:00+00:00,42027.449386188506,42153.53173434707,41733.25724048519,closed,False,2021-09-22 09:40:00+00:00,42153.53173434707,StopLoss,-0.4199999999999897
2021-09-23,buy,2021-09-23 10:00:00+00:00,44228.84294979,44096.15642094063,44538.44485043852,closed,False,2021-09-23 10:15:00+00:00,44096.15642094063,StopLoss,-0.42000000000000415
2021-09-24,sell,2021-09-24 09:25:00+00:00,44286.33728323551,44419.19629508521,43976.33292225286,closed,False,2021-09-24 09:35:00+00:00,44419.19629508521,StopLoss,-0.41999999999998827
2021-09-25,buy,2021-09-25 09:30:00+00:00,42873.474720348,42744.85429618695,43173.589043390435,closed,False,2021-09-25 09:40:00+00:00,42744.85429618695,StopLoss,-0.4200000000000062
2021-09-26,sell,2021-09-26 10:00:00+00:00,41921.17382055351,42046.93734201516,41627.72560380963,closed,False,2021-09-26 10:05:00+00:00,42046.93734201516,StopLoss,-0.419999999999982
2021-09-27,sell,2021-09-27 09:20:00+00:00,43880.37161761051,44012.012732463336,43573.209016287234,closed,False,2021-09-27 09:25:00+00:00,44012.012732463336,StopLoss,-0.4199999999999914
2021-09-28,buy,2021-09-28 09:20:00+00:00,42665.899498605,42537.90180010919,42964.56079509523,closed,False,2021-09-28 09:30:00+00:00,42537.90180010919,StopLoss,-0.4199999999999931
2021-09-29,buy,2021-09-29 09:20:00+00:00,42243.123720357,42158.637472916285,42538.82558639949,closed,True,2021-09-29 10:40:00+00:00,42158.637472916285,StopLoss,-0.319999999999997
2021-09-30,buy,2021-09-30 09:25:00+00:00,43523.8647398415,43393.293145621974,43828.53179302038,closed,False,2021-09-30 09:30:00+00:00,43828.53179302038,Target,0.5799999999999853
2021-10-01,buy,2021-10-01 09:30:00+00:00,43682.5357476975,43551.48814045441,43988.313497931376,closed,False,2021-10-01 09:55:00+00:00,43551.48814045441,StopLoss,-0.4199999999999947
2021-10-02,sell,2021-10-02 09:20:00+00:00,47443.76585119951,47586.097148753106,47111.659490241116,closed,False,2021-10-02 09:30:00+00:00,47586.097148753106,StopLoss,-0.41999999999999366
2021-10-03,buy,2021-10-03 09:20:00+00:00,47766.577985316,47671.04482934537,48100.94403121321,closed,True,2021-10-03 11:10:00+00:00,48100.94403121321,Target,0.5799999999999919
2021-10-04,sell,2021-10-04 09:35:00+00:00,47310.0095328145,47451.93956141294,46978.8394660848,closed,False,2021-10-04 09:40:00+00:00,47451.93956141294,StopLoss,-0.419999999999983
2021-10-05,sell,2021-10-05 10:20:00+00:00,49106.056599045005,49253.374768842135,48762.31420285169,closed,False,2021-10-05 10:30:00+00:00,49253.374768842135,StopLoss,-0.4199999999999906
2021-10-06,sell,2021-10-06 09:50:00+00:00,51267.57269434801,51421.37541243105,50908.699685487576,closed,False,2021-10-06 09:55:00+00:00,51421.37541243105,StopLoss,-0.4199999999999911
2021-10-07,sell,2021-10-07 10:40:00+00:00,54675.32593736201,54839.35191517409,54292.59865580047,closed,False,2021-10-07 11:35:00+00:00,54839.35191517409,StopLoss,-0.4199999999999921
2021-10-08,sell,2021-10-08 10:35:00+00:00,53642.62423151951,53803.55210421407,53267.12586189887,closed,False,2021-10-08 10:45:00+00:00,53803.55210421407,StopLoss,-0.41999999999999493
2021-10-09,buy,2021-10-09 09:50:00+00:00,54735.153271685995,54570.94781187094,55118.29934458779,closed,False,2021-10-09 10:35:00+00:00,54570.94781187094,StopLoss,-0.41999999999999843
2021-10-10,buy,2021-10-10 09:25:00+00:00,54936.314005788,54826.44137777643,55320.86820382851,closed,True,2021-10-10 10:05:00+00:00,54826.44137777643,StopLoss,-0.3199999999999953
2021-10-11,buy,2021-10-11 09:20:00+00:00,56528.688046913994,56359.10198277325,56924.388863242384,closed,False,2021-10-11 09:25:00+00:00,56359.10198277325,StopLoss,-0.41999999999999943
2021-10-12,buy,2021-10-12 09:45:00+00:00,56951.593916175,56780.739134426476,57350.25507358822,closed,False,2021-10-12 10:45:00+00:00,56780.739134426476,StopLoss,-0.41999999999999693
2021-10-13,sell,2021-10-13 10:00:00+00:00,56145.4812549805,56313.917698745434,55752.46288619564,closed,False,2021-10-13 11:00:00+00:00,55752.46288619564,Target,0.5799999999999975
2021-10-14,sell,2021-10-14 09:35:00+00:00,57985.4925291105,58159.449006697825,57579.59408140673,closed,False,2021-10-14 09:50:00+00:00,58159.449006697825,StopLoss,-0.4199999999999841
2021-10-15,buy,2021-10-15 09:25:00+00:00,59438.994126740996,59260.67714436077,59855.06708562818,closed,False,2021-10-15 09:35:00+00:00,59260.67714436077,StopLoss,-0.4200000000000011
2021-10-16,buy,2021-10-16 09:40:00+00:00,61766.942783373,61643.40889780626,62199.311382856606,closed,True,2021-10-16 10:05:00+00:00,61643.40889780626,StopLoss,-0.31999999999999557
2021-10-17,sell,2021-10-17 10:20:00+00:00,60902.684356534,61024.48972524707,60476.365566038265,closed,True,2021-10-17 13:20:00+00:00,60476.365566038265,Target,0.5799999999999994
2021-10-18,buy,2021-10-18 10:25:00+00:00,62308.9069470315,62121.980226190404,62745.069295660716,closed,False,2021-10-18 12:00:00+00:00,62121.980226190404,StopLoss,-0.42000000000000326
2021-10-19,buy,2021-10-19 19:00:00+00:00,63026.23879971449,62837.16008331535,63467.422471312486,closed,False,2021-10-19 19:05:00+00:00,62837.16008331535,StopLoss,-0.4199999999999958
2021-10-20,sell,2021-10-20 11:05:00+00:00,63645.50331300801,63836.43982294703,63199.984789816954,closed,False,2021-10-20 11:35:00+00:00,63836.43982294703,StopLoss,-0.4199999999999932
2021-10-21,sell,2021-10-21 11:55:00+00:00,64344.543711961,64537.57734309688,63894.13190597727,closed,False,2021-10-21 12:00:00+00:00,64537.57734309688,StopLoss,-0.4199999999999905
2021-10-22,sell,2021-10-22 12:05:00+00:00,62598.99627628401,62786.79326511285,62160.80330235002,closed,False,2021-10-22 12:30:00+00:00,62786.79326511285,StopLoss,-0.4199999999999849
2021-10-23,buy,2021-10-23 09:20:00+00:00,61208.72224659,61086.30480209682,61637.18330231612,closed,True,2021-10-23 10:10:00+00:00,61086.30480209682,StopLoss,-0.31999999999999634
2021-10-24,sell,2021-10-24 10:00:00+00:00,60885.206597785014,61067.86221757836,60459.010151600516,closed,False,2021-10-24 10:45:00+00:00,61067.86221757836,StopLoss,-0.41999999999998516
2021-10-25,buy,2021-10-25 12:45:00+00:00,62254.91417313599,62130.40434478972,62690.69857234794,closed,True,2021-10-25 12:55:00+00:00,62690.69857234794,Target,0.5799999999999891
2021-10-26,buy,2021-10-26 09:25:00+00:00,62841.74472577799,62653.219491600656,63281.636938858435,closed,False,2021-10-26 09:35:00+00:00,62653.219491600656,StopLoss,-0.4200000000000057
2021-10-27,buy,2021-10-27 09:45:00+00:00,60854.99477524199,60733.2847856915,61280.97973866868,closed,True,2021-10-27 09:55:00+00:00,61280.97973866868,Target,0.579999999999988
2021-10-28,buy,2021-10-28 09:40:00+00:00,59265.7279079265,59087.93072420272,59680.58800328198,closed,False,2021-10-28 09:45:00+00:00,59087.93072420272,StopLoss,-0.419999999999998
2021-10-29,sell,2021-10-29 10:05:00+00:00,61418.81786168351,61603.07431526855,60988.88613665172,closed,False,2021-10-29 10:20:00+00:00,61603.07431526855,StopLoss,-0.41999999999999427
2021-10-30,sell,2021-10-30 10:10:00+00:00,61594.59474927351,61717.78393877205,61163.43258602859,closed,True,2021-10-30 10:35:00+00:00,61717.78393877205,StopLoss,-0.31999999999999773
2021-10-31,sell,2021-10-31 10:00:00+00:00,61574.9185303045,61698.06836736511,61143.89410059237,closed,True,2021-10-31 11:45:00+00:00,61143.89410059237,Target,0.5800000000000003
2021-11-01,sell,2021-11-01 09:20:00+00:00,60166.130231827,60286.46249229066,59744.96732020421,closed,True,2021-11-01 09:30:00+00:00,59744.96732020421,Target,0.5800000000000055
2021-11-02,buy,2021-11-02 09:20:00+00:00,61191.90047790899,61069.51667695317,61620.24378125434,closed,True,2021-11-02 11:00:00+00:00,61620.24378125434,Target,0.5799999999999867
2021-11-03,sell,2021-11-03 09:45:00+00:00,62913.18122422451,63101.92076789717,62472.788955654934,closed,False,2021-11-03 10:55:00+00:00,63101.92076789717,StopLoss,-0.4199999999999874
2021-11-04,buy,2021-11-04 09:35:00+00:00,62668.658632981496,62480.65265708255,63107.33924341236,closed,False,2021-11-04 11:05:00+00:00,62480.65265708255,StopLoss,-0.42000000000000015
2021-11-05,buy,2021-11-05 11:35:00+00:00,62408.12636194649,62220.90198286065,62844.98324648011,closed,False,2021-11-05 12:25:00+00:00,62220.90198286065,StopLoss,-0.4200000000000026
2021-11-06,buy,2021-11-06 09:50:00+00:00,61233.1843605345,61110.71799181343,61661.81665105823,closed,True,2021-11-06 12:40:00+00:00,61110.71799181343,StopLoss,-0.3200000000000024
2021-11-07,buy,2021-11-07 09:25:00+00:00,62234.229702068995,62047.52701296279,62669.86930998347,closed,False,2021-11-07 10:55:00+00:00,62047.52701296279,StopLoss,-0.41999999999999693
2021-11-08,buy,2021-11-08 10:05:00+00:00,65366.065766533495,65169.96756923389,65823.62822689922,closed,False,2021-11-08 10:20:00+00:00,65169.96756923389,StopLoss,-0.4200000000000014
2021-11-09,buy,2021-11-09 09:25:00+00:00,68442.50807696249,68237.1805527316,68921.60563350123,closed,False,2021-11-09 09:45:00+00:00,68237.1805527316,StopLoss,-0.4200000000000011
2021-11-10,sell,2021-11-10 09:30:00+00:00,66283.935381036,66482.7871871791,65819.94783336876,closed,False,2021-11-10 09:55:00+00:00,66482.7871871791,StopLoss,-0.4199999999999804
2021-11-11,buy,2021-11-11 10:55:00+00:00,64841.854022649,64647.328460581055,65295.74700080754,closed,False,2021-11-11 11:05:00+00:00,64647.328460581055,StopLoss,-0.41999999999999754
2021-11-12,sell,2021-11-12 09:40:00+00:00,64695.917613123005,64890.005365962366,64243.04618983114,closed,False,2021-11-12 10:00:00+00:00,64890.005365962366,StopLoss,-0.41999999999998794
2021-11-13,sell,2021-11-13 11:05:00+00:00,63532.5774052075,63723.17513742312,63087.849363371046,closed,False,2021-11-13 11:10:00+00:00,63723.17513742312,StopLoss,-0.4199999999999925
2021-11-14,buy,2021-11-14 10:10:00+00:00,64902.75663073499,64708.04836084279,65357.07592715013,closed,False,2021-11-14 10:25:00+00:00,64708.04836084279,StopLoss,-0.4199999999999957
2021-11-15,sell,2021-11-15 13:00:00+00:00,65573.852715978,65705.00042140996,65114.83574696616,closed,True,2021-11-15 14:15:00+00:00,65705.00042140996,StopLoss,-0.3199999999999982
2021-11-16,sell,2021-11-16 09:50:00+00:00,60426.567823889,60607.84752736066,60003.58184912178,closed,False,2021-11-16 09:55:00+00:00,60607.84752736066,StopLoss,-0.41999999999998316
2021-11-17,buy,2021-11-17 11:15:00+00:00,59805.115268827496,59625.69992302101,60223.75107570928,closed,False,2021-11-17 11:20:00+00:00,59625.69992302101,StopLoss,-0.42000000000000076
2021-11-18,sell,2021-11-18 09:20:00+00:00,59911.168804313005,60090.902310725935,59491.79062268281,closed,False,2021-11-18 09:55:00+00:00,60090.902310725935,StopLoss,-0.4199999999999838
2021-11-19,buy,2021-11-19 11:05:00+00:00,56426.296412682,56257.01752344395,56821.280487570766,closed,False,2021-11-19 11:50:00+00:00,56257.01752344395,StopLoss,-0.4200000000000046
2021-11-20,sell,2021-11-20 09:35:00+00:00,58453.7445699685,58629.105803678394,58044.568357978715,closed,False,2021-11-20 10:20:00+00:00,58629.105803678394,StopLoss,-0.4199999999999848
2021-11-21,sell,2021-11-21 09:20:00+00:00,58709.36053904801,58885.48862066514,58298.39501527467,closed,False,2021-11-21 09:35:00+00:00,58885.48862066514,StopLoss,-0.41999999999998416
2021-11-22,sell,2021-11-22 10:20:00+00:00,57106.323290632005,57220.535937213266,56706.57902759758,closed,True,2021-11-22 10:50:00+00:00,57220.535937213266,StopLoss,-0.3199999999999959
2021-11-23,sell,2021-11-23 10:40:00+00:00,56613.758278341,56726.985794897686,56217.461970392615,closed,True,2021-11-23 12:05:00+00:00,56217.461970392615,Target,0.5800000000000033
2021-11-24,buy,2021-11-24 09:40:00+00:00,56533.1861938635,56420.11982147577,56928.91849722053,closed,True,2021-11-24 11:35:00+00:00,56420.11982147577,StopLoss,-0.32000000000000467
2021-11-25,sell,2021-11-25 09:50:00+00:00,57494.816194008505,57609.80582639652,57092.35248065044,closed,True,2021-11-25 11:05:00+00:00,57092.35248065044,Target,0.580000000000004
2021-11-26,sell,2021-11-26 09:25:00+00:00,57946.6697202255,58062.563059665954,57541.04303218392,closed,True,2021-11-26 10:45:00+00:00,57541.04303218392,Target,0.5800000000000004
2021-11-27,sell,2021-11-27 11:25:00+00:00,54261.86552098701,54424.65111754997,53882.0324623401,closed,False,2021-11-27 11:30:00+00:00,54424.65111754997,StopLoss,-0.41999999999999243
2021-11-28,buy,2021-11-28 12:15:00+00:00,54499.2832546155,54335.78540485165,54880.7782373978,closed,False,2021-11-28 14:00:00+00:00,54335.78540485165,StopLoss,-0.4199999999999954
2021-11-29,buy,2021-11-29 09:30:00+00:00,57605.351291504994,57432.53523763048,58008.588750545525,closed,False,2021-11-29 09:45:00+00:00,57432.53523763048,StopLoss,-0.4199999999999986
2021-11-30,sell,2021-11-30 11:00:00+00:00,56771.94748417101,56942.26332662352,56374.54385178181,closed,False,2021-11-30 11:05:00+00:00,56942.26332662352,StopLoss,-0.4199999999999946
2021-12-01,sell,2021-12-01 10:35:00+00:00,56979.796908470504,57093.75650228745,56580.93833011121,closed,True,2021-12-01 11:45:00+00:00,57093.75650228745,StopLoss,-0.32000000000000545
2021-12-02,buy,2021-12-02 20:30:00+00:00,57277.652029758,57105.819073668725,57678.595593966296,closed,False,2021-12-02 20:35:00+00:00,57105.819073668725,StopLoss,-0.42000000000000065
2021-12-03,buy,2021-12-03 09:45:00+00:00,56630.77446761549,56460.88214421264,57027.189888888795,closed,False,2021-12-03 10:55:00+00:00,56460.88214421264,StopLoss,-0.42000000000000265
2021-12-04,sell,2021-12-04 09:20:00+00:00,52357.684190935506,52462.399559317375,51991.180401598955,closed,True,2021-12-04 09:40:00+00:00,52462.399559317375,StopLoss,-0.31999999999999573
2021-12-05,buy,2021-12-05 11:20:00+00:00,49509.117083448,49360.58973219766,49855.68090303213,closed,False,2021-12-05 11:45:00+00:00,49360.58973219766,StopLoss,-0.41999999999999366
2021-12-06,buy,2021-12-06 09:45:00+00:00,49279.59150501149,49131.75273049646,49624.548645546565,closed,False,2021-12-06 10:20:00+00:00,49131.75273049646,StopLoss,-0.4199999999999952
2021-12-07,buy,2021-12-07 09:35:00+00:00,51145.476897469496,50992.040466777085,51503.495235751776,closed,False,2021-12-07 10:05:00+00:00,50992.040466777085,StopLoss,-0.4200000000000045
2021-12-08,sell,2021-12-08 09:20:00+00:00,50230.9037671085,50381.596478409825,49879.28744073874,closed,False,2021-12-08 09:40:00+00:00,50381.596478409825,StopLoss,-0.41999999999999416
2021-12-09,sell,2021-12-09 12:35:00+00:00,49437.804246243,49586.117658981726,49091.7396165193,closed,False,2021-12-09 12:50:00+00:00,49586.117658981726,StopLoss,-0.41999999999998955
2021-12-10,sell,2021-12-10 09:40:00+00:00,48217.359034113004,48362.01111121534,47879.837520874215,closed,False,2021-12-10 09:45:00+00:00,48362.01111121534,StopLoss,-0.419999999999992
2021-12-11,buy,2021-12-11 11:40:00+00:00,48760.3782581265,48614.09712335212,49101.70090593338,closed,False,2021-12-11 11:45:00+00:00,48614.09712335212,StopLoss,-0.4199999999999955
2021-12-12,sell,2021-12-12 10:15:00+00:00,49020.606447494,49167.668266836474,48677.462202361545,closed,False,2021-12-12 11:45:00+00:00,49167.668266836474,StopLoss,-0.4199999999999844
2021-12-13,buy,2021-12-13 10:25:00+00:00,49141.3648001985,48993.940705797904,49485.354353799885,closed,False,2021-12-13 10:30:00+00:00,48993.940705797904,StopLoss,-0.41999999999999726
2021-12-14,buy,2021-12-14 09:40:00+00:00,47173.878326587495,47032.35669160773,47504.095474873604,closed,False,2021-12-14 10:10:00+00:00,47032.35669160773,StopLoss,-0.4200000000000008
2021-12-15,buy,2021-12-15 09:20:00+00:00,48224.248176051,48127.799679698895,48561.81791328335,closed,True,2021-12-15 10:45:00+00:00,48127.799679698895,StopLoss,-0.32000000000000134
2021-12-16,sell,2021-12-16 09:45:00+00:00,48702.789043690005,48848.89741082107,48361.86952038418,closed,False,2021-12-16 10:20:00+00:00,48848.89741082107,StopLoss,-0.4199999999999846
2021-12-17,buy,2021-12-17 09:30:00+00:00,47887.7777779275,47744.11444459372,48222.99222237299,closed,False,2021-12-17 11:05:00+00:00,47744.11444459372,StopLoss,-0.41999999999999754
2021-12-18,buy,2021-12-18 10:50:00+00:00,46602.443544983995,46509.23865789403,46928.660649798876,closed,True,2021-12-18 11:45:00+00:00,46509.23865789403,StopLoss,-0.31999999999999806
2021-12-19,buy,2021-12-19 10:05:00+00:00,48041.64042180299,47897.515500537585,48377.931904755606,closed,False,2021-12-19 10:30:00+00:00,47897.515500537585,StopLoss,-0.4199999999999969
2021-12-20,buy,2021-12-20 09:40:00+00:00,46887.748146994505,46747.08490255352,47215.96238402346,closed,False,2021-12-20 10:55:00+00:00,46747.08490255352,StopLoss,-0.4200000000000016
2021-12-21,buy,2021-12-21 09:20:00+00:00,47833.65991651949,47737.992596686454,48168.49553593512,closed,True,2021-12-21 09:30:00+00:00,48168.49553593512,Target,0.5799999999999855
2021-12-22,sell,2021-12-22 09:20:00+00:00,49194.334769878995,49292.723439418754,48849.97442648984,closed,True,2021-12-22 12:45:00+00:00,49292.723439418754,StopLoss,-0.32000000000000317
2021-12-23,sell,2021-12-23 13:15:00+00:00,48198.37233221301,48342.967449209646,47860.98372588752,closed,False,2021-12-23 14:00:00+00:00,48342.967449209646,StopLoss,-0.41999999999999293
2021-12-24,sell,2021-12-24 09:20:00+00:00,50910.65767413151,51063.3896471539,50554.28307041259,closed,False,2021-12-24 09:30:00+00:00,51063.3896471539,StopLoss,-0.4199999999999909
2021-12-25,buy,2021-12-25 09:50:00+00:00,51032.80807321049,50879.709648990865,51390.037729722964,closed,False,2021-12-25 10:20:00+00:00,50879.709648990865,StopLoss,-0.41999999999999355
2021-12-26,sell,2021-12-26 17:15:00+00:00,49619.771797952504,49768.63111334635,49272.43339536684,closed,False,2021-12-26 17:20:00+00:00,49768.63111334635,StopLoss,-0.41999999999998305
2021-12-27,sell,2021-12-27 11:40:00+00:00,50764.654933021,50916.94889782005,50409.30234848985,closed,False,2021-12-27 12:10:00+00:00,50916.94889782005,StopLoss,-0.41999999999998816
2021-12-28,sell,2021-12-28 09:45:00+00:00,49448.571704820504,49596.91741993496,49102.43170288676,closed,False,2021-12-28 09:50:00+00:00,49102.43170288676,Target,0.5800000000000034
2021-12-29,sell,2021-12-29 09:50:00+00:00,47856.931474045,47952.64533699309,47521.93295372668,closed,True,2021-12-29 13:20:00+00:00,47521.93295372668,Target,0.580000000000004
2021-12-30,buy,2021-12-30 09:40:00+00:00,46746.5893908885,46606.34962271583,47073.81551662471,closed,False,2021-12-30 10:30:00+00:00,46606.34962271583,StopLoss,-0.4199999999999994
